"","Variable","HR_Delta","HR_Omicron","p-value_Delta","p-value_Omicron"
"1","age_cat<5","0.55(0.31-0.98)","0.42(0.24-0.74)",NA,0.643981810381598
"2","age_cat5-17","0.93(0.65-1.33)","0.7(0.5-0.97)",NA,0.643981810381598
"3","age_cat>50","1.25(0.69-2.26)","0.86(0.5-1.5)",NA,0.643981810381598
"4","prior_infection1","0.28(0.19-0.42)","0.74(0.47-1.16)",NA,0.000254217517796459
"5","prior_infection2","0.05(0.02-0.14)","0.22(0.14-0.37)",NA,0.000254217517796459
